USE `example_querysniper` ;

insert into companies (id, name) values (1, 'DabZ');
insert into companies (id, name) values (2, 'Wikivu');
insert into companies (id, name) values (3, 'Geba');
insert into companies (id, name) values (4, 'Miboo');
insert into companies (id, name) values (5, 'Kazio');
insert into companies (id, name) values (6, 'Pixoboo');
insert into companies (id, name) values (7, 'Yamia');
insert into companies (id, name) values (8, 'Eabox');
insert into companies (id, name) values (9, 'Thoughtmix');
insert into companies (id, name) values (10, 'Yamia');
insert into companies (id, name) values (11, 'Yacero');
insert into companies (id, name) values (12, 'Ntag');
insert into companies (id, name) values (13, 'Realbridge');
insert into companies (id, name) values (14, 'Realcube');
insert into companies (id, name) values (15, 'Skinder');
insert into companies (id, name) values (16, 'Gigabox');
insert into companies (id, name) values (17, 'Trunyx');
insert into companies (id, name) values (18, 'Izio');
insert into companies (id, name) values (19, 'Agivu');
insert into companies (id, name) values (20, 'Einti');


insert into users (id, login, password, company_id) values (1, 'gchavez0', 'wEL6vo', 3);
insert into users (id, login, password, company_id) values (2, 'kjacobs1', 'RyzHRe', 9);
insert into users (id, login, password, company_id) values (3, 'ayoung2', 'p1cKgkR', 11);
insert into users (id, login, password, company_id) values (4, 'bbarnes3', '76i1Hs', 20);
insert into users (id, login, password, company_id) values (5, 'aperry4', 'QVwf3Kn7yv', 19);
insert into users (id, login, password, company_id) values (6, 'lrose5', 'Ah24QIRKs', 6);
insert into users (id, login, password, company_id) values (7, 'dmoore6', 'mvUwjhwME7uP', 11);
insert into users (id, login, password, company_id) values (8, 'eweaver7', 'bbDIAUOJfR', 17);
insert into users (id, login, password, company_id) values (9, 'mjenkins8', 'HXcHFJ', 2);
insert into users (id, login, password, company_id) values (10, 'rdean9', 'niToirHeQ5qZ', 6);
insert into users (id, login, password, company_id) values (11, 'tstonea', 'ultJFGkWZgLq', 2);
insert into users (id, login, password, company_id) values (12, 'jramosb', 'CQo3tr', 5);
insert into users (id, login, password, company_id) values (13, 'jfergusonc', 't31qFN23', 14);
insert into users (id, login, password, company_id) values (14, 'dnelsond', 'SbpeWDr', 6);
insert into users (id, login, password, company_id) values (15, 'cphillipse', 'vvjNqzSoi', 16);
insert into users (id, login, password, company_id) values (16, 'kelliottf', 'dPeNNHoffa', 8);
insert into users (id, login, password, company_id) values (17, 'aadamsg', 'mvSuMaYKJ9', 3);
insert into users (id, login, password, company_id) values (18, 'scarpenterh', 'BJsKB1Da', 14);
insert into users (id, login, password, company_id) values (19, 'ajenkinsi', '1xikIAS', 1);
insert into users (id, login, password, company_id) values (20, 'wholmesj', 'OKLJGo', 3);
insert into users (id, login, password, company_id) values (21, 'dhansenk', 'nRS8tjO0kf2q', 16);
insert into users (id, login, password, company_id) values (22, 'mperkinsl', 'dZVfotxqqf53', 14);
insert into users (id, login, password, company_id) values (23, 'alynchm', 'Nz6Uqv0', 14);
insert into users (id, login, password, company_id) values (24, 'clongn', '02rrlq8StOj', 10);
insert into users (id, login, password, company_id) values (25, 'rfernandezo', '2ZVU8QNd5e', 1);
insert into users (id, login, password, company_id) values (26, 'jdeanp', 'UH6hvr8jg', 7);
insert into users (id, login, password, company_id) values (27, 'ahowardq', 'K5AfDnLf8M', 7);
insert into users (id, login, password, company_id) values (28, 'pturnerr', 'WVk3haemq', 19);
insert into users (id, login, password, company_id) values (29, 'cmedinas', 'oq8hHVA5r', 5);
insert into users (id, login, password, company_id) values (30, 'tcarrt', 'K2Gqd0Py', 19);
insert into users (id, login, password, company_id) values (31, 'jthomasu', 'oLvsLuBhx', 17);
insert into users (id, login, password, company_id) values (32, 'ehansonv', 'xGnDeC', 2);
insert into users (id, login, password, company_id) values (33, 'hrichardsonw', '0GyqK7', 5);
insert into users (id, login, password, company_id) values (34, 'kblackx', '3Uy0rTJvDzHx', 16);
insert into users (id, login, password, company_id) values (35, 'dfordy', 'zDMyYH', 2);
insert into users (id, login, password, company_id) values (36, 'rrobertsonz', 'apgVNaPBWKA', 15);
insert into users (id, login, password, company_id) values (37, 'aalexander10', 'Nlxrhcx', 11);
insert into users (id, login, password, company_id) values (38, 'dfoster11', 'YqWc8HJwl', 13);
insert into users (id, login, password, company_id) values (39, 'ecollins12', 'z43FGN', 20);
insert into users (id, login, password, company_id) values (40, 'lgomez13', 'hz62kkR2kdU3', 8);
insert into users (id, login, password, company_id) values (41, 'lsullivan14', 'Ad3N9JNZ', 4);
insert into users (id, login, password, company_id) values (42, 'wgilbert15', 'zgtymrT5oAQ', 19);
insert into users (id, login, password, company_id) values (43, 'jandrews16', 'ZzCXxpJm', 9);
insert into users (id, login, password, company_id) values (44, 'gcampbell17', 'kNJ8Peq0ZYz', 18);
insert into users (id, login, password, company_id) values (45, 'wwarren18', 'kuvNcCJE2j', 7);
insert into users (id, login, password, company_id) values (46, 'jmartin19', 'QalA9hju', 5);
insert into users (id, login, password, company_id) values (47, 'rpeterson1a', 'tUGIh44V', 4);
insert into users (id, login, password, company_id) values (48, 'eharvey1b', '2aMMpU3X', 17);
insert into users (id, login, password, company_id) values (49, 'bgarrett1c', 'vzXzcFfQl', 2);
insert into users (id, login, password, company_id) values (50, 'dross1d', 'uuhygo9BGJ', 6);
insert into users (id, login, password, company_id) values (51, 'jcarroll1e', 'qhbXss', 11);
insert into users (id, login, password, company_id) values (52, 'jbarnes1f', 'rW0BjiiXiPOf', 14);
insert into users (id, login, password, company_id) values (53, 'hbaker1g', 'za2e1v', 9);
insert into users (id, login, password, company_id) values (54, 'khanson1h', 'dotlwpduG0oD', 11);
insert into users (id, login, password, company_id) values (55, 'jdaniels1i', 'W1fb5r', 7);
insert into users (id, login, password, company_id) values (56, 'mmedina1j', 'twvzslW1g', 7);
insert into users (id, login, password, company_id) values (57, 'jarmstrong1k', 'Y7KMYvwrHLYg', 1);
insert into users (id, login, password, company_id) values (58, 'pwood1l', 'tBJztb', 13);
insert into users (id, login, password, company_id) values (59, 'jweaver1m', 'ExJy54O0', 10);
insert into users (id, login, password, company_id) values (60, 'bsanchez1n', 'WN5nrko', 6);
insert into users (id, login, password, company_id) values (61, 'hsmith1o', 'JDPMHUXSqh', 9);
insert into users (id, login, password, company_id) values (62, 'jwallace1p', 'EeCu7yr', 9);
insert into users (id, login, password, company_id) values (63, 'mmorrison1q', 'l078bicpEpVP', 18);
insert into users (id, login, password, company_id) values (64, 'clawrence1r', 'AmCyXc', 5);
insert into users (id, login, password, company_id) values (65, 'fmcdonald1s', 'l81KYZ', 5);
insert into users (id, login, password, company_id) values (66, 'rwheeler1t', 'yY3OJUKuEj3k', 10);
insert into users (id, login, password, company_id) values (67, 'lward1u', 'PrT3fbhKe', 18);
insert into users (id, login, password, company_id) values (68, 'cmorrison1v', 'vSUvxka1r6', 18);
insert into users (id, login, password, company_id) values (69, 'dgarrett1w', '9AU9KeEi3Xph', 5);
insert into users (id, login, password, company_id) values (70, 'lsims1x', 'HYdzU8zkPqB', 18);
insert into users (id, login, password, company_id) values (71, 'dramos1y', 'jDk3qzv1X4jC', 6);
insert into users (id, login, password, company_id) values (72, 'pmoreno1z', 'Jk1ouCbqqlB', 8);
insert into users (id, login, password, company_id) values (73, 'tfoster20', 'yOfXikzBN', 2);
insert into users (id, login, password, company_id) values (74, 'dalvarez21', 'ZMischS', 16);
insert into users (id, login, password, company_id) values (75, 'kwheeler22', 'wnPAnb', 11);
insert into users (id, login, password, company_id) values (76, 'rmurphy23', 'qMuMPmGy00d', 20);
insert into users (id, login, password, company_id) values (77, 'agarza24', 'wHLdVL', 20);
insert into users (id, login, password, company_id) values (78, 'asullivan25', 'edpYYFwL', 17);
insert into users (id, login, password, company_id) values (79, 'lhansen26', 'nhX0mU', 16);
insert into users (id, login, password, company_id) values (80, 'rburke27', 'De00WJ7', 12);
insert into users (id, login, password, company_id) values (81, 'dking28', 'OZRUZINeF4yT', 5);
insert into users (id, login, password, company_id) values (82, 'jbell29', 'E3Sc1dfWN', 16);
insert into users (id, login, password, company_id) values (83, 'cwelch2a', 'HMgwux7HlirU', 2);
insert into users (id, login, password, company_id) values (84, 'csmith2b', 'XY1Z0SX9oTdk', 7);
insert into users (id, login, password, company_id) values (85, 'cspencer2c', 'Qv8eQv', 19);
insert into users (id, login, password, company_id) values (86, 'jwest2d', 'PXWzTWi56cAT', 14);
insert into users (id, login, password, company_id) values (87, 'vflores2e', 'TObgLqA', 4);
insert into users (id, login, password, company_id) values (88, 'kcampbell2f', 'X1iKfkkp9', 1);
insert into users (id, login, password, company_id) values (89, 'jowens2g', 'MVBKBo6', 9);
insert into users (id, login, password, company_id) values (90, 'aramirez2h', 'NwbYGWrrN', 13);
insert into users (id, login, password, company_id) values (91, 'bfernandez2i', 'NX8wkTUO6RyY', 16);
insert into users (id, login, password, company_id) values (92, 'rtucker2j', 'kJIcvBj52tl', 3);
insert into users (id, login, password, company_id) values (93, 'rromero2k', '0Dt06Woldv', 2);
insert into users (id, login, password, company_id) values (94, 'sholmes2l', '6z70y4Bczv', 18);
insert into users (id, login, password, company_id) values (95, 'jjohnson2m', '6xNteAJuvihI', 5);
insert into users (id, login, password, company_id) values (96, 'sdunn2n', 'h5e9lOsJp', 3);
insert into users (id, login, password, company_id) values (97, 'pmoreno2o', 'N6vVVm', 19);
insert into users (id, login, password, company_id) values (98, 'jmorris2p', 'XaeOIhZT3', 7);
insert into users (id, login, password, company_id) values (99, 'mjones2q', 'Bc2EwOAL', 4);
insert into users (id, login, password, company_id) values (100, 'rhudson2r', '8DwpH5dv', 2);
insert into users (id, login, password, company_id) values (101, 'jmoore2s', 'WKjXaSav81oF', 11);
insert into users (id, login, password, company_id) values (102, 'jbradley2t', '2XiCFM', 11);
insert into users (id, login, password, company_id) values (103, 'tlawson2u', 'RJ9C5pq', 9);
insert into users (id, login, password, company_id) values (104, 'redwards2v', 'w0lRwGH6A2V', 18);
insert into users (id, login, password, company_id) values (105, 'treyes2w', 'vp63oilATUH', 6);
insert into users (id, login, password, company_id) values (106, 'cjohnston2x', 'C1blJAFCG', 9);
insert into users (id, login, password, company_id) values (107, 'jpalmer2y', '2A4PN82', 18);
insert into users (id, login, password, company_id) values (108, 'dkennedy2z', 'knoaAxKYW', 19);
insert into users (id, login, password, company_id) values (109, 'sdaniels30', 'vjj1zkG', 5);
insert into users (id, login, password, company_id) values (110, 'mjohnston31', '6qkQXyrw', 9);
insert into users (id, login, password, company_id) values (111, 'pbell32', 'huiQZxy2zGD', 1);
insert into users (id, login, password, company_id) values (112, 'aadams33', 'oPt7FsW', 13);
insert into users (id, login, password, company_id) values (113, 'snichols34', 'DOT08jVhE', 20);
insert into users (id, login, password, company_id) values (114, 'tmendoza35', '4iKqowcXybX', 5);
insert into users (id, login, password, company_id) values (115, 'jsimmons36', 'ptGu4Wlepqio', 19);
insert into users (id, login, password, company_id) values (116, 'jbennett37', 'bHqSOgFYSy1', 14);
insert into users (id, login, password, company_id) values (117, 'myoung38', 'abz5fMx', 6);
insert into users (id, login, password, company_id) values (118, 'cwilliamson39', 'aumEtx25KD8', 12);
insert into users (id, login, password, company_id) values (119, 'dkennedy3a', '37dgYA', 20);
insert into users (id, login, password, company_id) values (120, 'ksanders3b', 'un7KxiTM', 6);
insert into users (id, login, password, company_id) values (121, 'joliver3c', 'mzWt1rqKru2', 7);
insert into users (id, login, password, company_id) values (122, 'brobinson3d', 'oriEK3d9bl', 7);
insert into users (id, login, password, company_id) values (123, 'lgreene3e', 'GmDAlLusl', 10);
insert into users (id, login, password, company_id) values (124, 'loliver3f', 'pOOUgA', 18);
insert into users (id, login, password, company_id) values (125, 'jhart3g', '63wrxW', 1);
insert into users (id, login, password, company_id) values (126, 'dwest3h', 'LuqxrrZHSgg3', 16);
insert into users (id, login, password, company_id) values (127, 'jwhite3i', 'lklxgjUzoT', 11);
insert into users (id, login, password, company_id) values (128, 'wrivera3j', 'i1emohoVfrsV', 16);
insert into users (id, login, password, company_id) values (129, 'aburns3k', 'EKg4knFZFw2', 3);
insert into users (id, login, password, company_id) values (130, 'rpierce3l', 'paeCNInvyNum', 13);
insert into users (id, login, password, company_id) values (131, 'brussell3m', '3Cis92S', 11);
insert into users (id, login, password, company_id) values (132, 'probinson3n', '92iDrV3', 15);
insert into users (id, login, password, company_id) values (133, 'hvasquez3o', '4FcgEDxFQL', 3);
insert into users (id, login, password, company_id) values (134, 'acunningham3p', 'hZYLYJBn5P', 10);
insert into users (id, login, password, company_id) values (135, 'ihill3q', 'wu107tYa3', 12);
insert into users (id, login, password, company_id) values (136, 'jmitchell3r', '94bTNBiO', 18);
insert into users (id, login, password, company_id) values (137, 'jfowler3s', 'Dng9CUW1w3u5', 1);
insert into users (id, login, password, company_id) values (138, 'pramos3t', 'BUeSu3V', 17);
insert into users (id, login, password, company_id) values (139, 'bblack3u', 'SKAKS5F7', 19);
insert into users (id, login, password, company_id) values (140, 'vboyd3v', 'tQfhoAtp', 13);
insert into users (id, login, password, company_id) values (141, 'mbishop3w', 'q81Jrmr', 14);
insert into users (id, login, password, company_id) values (142, 'badams3x', 'pZU9TQ5Iiyn', 17);
insert into users (id, login, password, company_id) values (143, 'ppayne3y', '9zkf8cAXc', 5);
insert into users (id, login, password, company_id) values (144, 'jmurray3z', 'RZbhMME6', 2);
insert into users (id, login, password, company_id) values (145, 'jlong40', '5ZSMOjRuvO', 20);
insert into users (id, login, password, company_id) values (146, 'tchavez41', '7TaDjmw6W', 4);
insert into users (id, login, password, company_id) values (147, 'afuller42', 'tOMZ0YhRuP', 7);
insert into users (id, login, password, company_id) values (148, 'aruiz43', 'uhadzEF', 17);
insert into users (id, login, password, company_id) values (149, 'rfranklin44', '6y81B3', 4);
insert into users (id, login, password, company_id) values (150, 'barmstrong45', 'wMdmqUlVgSL', 20);
insert into users (id, login, password, company_id) values (151, 'brose46', 'Q9KXIHv', 20);
insert into users (id, login, password, company_id) values (152, 'halexander47', 'GDOBj9b', 11);
insert into users (id, login, password, company_id) values (153, 'cramirez48', 'IMlgJjz2qmTW', 10);
insert into users (id, login, password, company_id) values (154, 'ssanders49', 't9lCh3pE', 2);
insert into users (id, login, password, company_id) values (155, 'dtaylor4a', 'BpKL2xJd2o', 7);
insert into users (id, login, password, company_id) values (156, 'kwatson4b', 'AHOk7zFw', 20);
insert into users (id, login, password, company_id) values (157, 'jreid4c', 'hQb9aUDx1', 18);
insert into users (id, login, password, company_id) values (158, 'cpeters4d', 'QTTzoxyqD', 17);
insert into users (id, login, password, company_id) values (159, 'bholmes4e', '10FPLd', 20);
insert into users (id, login, password, company_id) values (160, 'dmedina4f', '19KJcoNqCOq2', 8);
insert into users (id, login, password, company_id) values (161, 'rmorris4g', 'poILhU', 10);
insert into users (id, login, password, company_id) values (162, 'jfowler4h', 'dBnSgXO', 15);
insert into users (id, login, password, company_id) values (163, 'jdavis4i', 'njSrr4BZym', 14);
insert into users (id, login, password, company_id) values (164, 'wgutierrez4j', '0CPv6PYHn6Q', 18);
insert into users (id, login, password, company_id) values (165, 'sgarrett4k', 'R6c6hoGipxQn', 19);
insert into users (id, login, password, company_id) values (166, 'cbailey4l', 'hbHkdCxg8u', 16);
insert into users (id, login, password, company_id) values (167, 'mmyers4m', 'OLKWNwHj4', 12);
insert into users (id, login, password, company_id) values (168, 'ahunter4n', 'Ftgyni0REfbd', 10);
insert into users (id, login, password, company_id) values (169, 'dchapman4o', 'R6zAfpdH', 20);
insert into users (id, login, password, company_id) values (170, 'aarmstrong4p', 'xMrU5iR5pLVk', 19);
insert into users (id, login, password, company_id) values (171, 'kadams4q', '7BP9412Uu', 5);
insert into users (id, login, password, company_id) values (172, 'bgraham4r', 'gz1gsS0Z', 19);
insert into users (id, login, password, company_id) values (173, 'pwright4s', '0Q9RaeAChqif', 3);
insert into users (id, login, password, company_id) values (174, 'psanchez4t', 'b0xCAUK', 7);
insert into users (id, login, password, company_id) values (175, 'ngonzalez4u', '32J0rFS', 19);
insert into users (id, login, password, company_id) values (176, 'bmontgomery4v', 'uIZ965Y4A4V8', 20);
insert into users (id, login, password, company_id) values (177, 'falexander4w', 'PyQNKVWyvf', 15);
insert into users (id, login, password, company_id) values (178, 'dburns4x', 'n6OkCOl3Y', 18);
insert into users (id, login, password, company_id) values (179, 'eray4y', 'kdqIxr8Lk', 19);
insert into users (id, login, password, company_id) values (180, 'ghansen4z', 'kI95pi135ds', 13);
insert into users (id, login, password, company_id) values (181, 'wmcdonald50', 'Ui0k8pXeiim', 13);
insert into users (id, login, password, company_id) values (182, 'csimmons51', 'Te1G0uh', 1);
insert into users (id, login, password, company_id) values (183, 'kcook52', '8XqcQUK', 5);
insert into users (id, login, password, company_id) values (184, 'jmarshall53', 'PQtWIRDS', 9);
insert into users (id, login, password, company_id) values (185, 'kmiller54', 'FghXBdCN', 5);
insert into users (id, login, password, company_id) values (186, 'tmeyer55', 'hjSCfEry', 2);
insert into users (id, login, password, company_id) values (187, 'lporter56', '9Dm1d0zM', 5);
insert into users (id, login, password, company_id) values (188, 'estanley57', 'tMTmo2POTAs', 1);
insert into users (id, login, password, company_id) values (189, 'lcoleman58', 'jv9NoHq', 16);
insert into users (id, login, password, company_id) values (190, 'ccooper59', 'pp5PfT', 20);
insert into users (id, login, password, company_id) values (191, 'jdavis5a', 'r4l3Mwwct8Xe', 14);
insert into users (id, login, password, company_id) values (192, 'hwagner5b', '6fgLQ2', 5);
insert into users (id, login, password, company_id) values (193, 'apowell5c', 'BGjro8T', 6);
insert into users (id, login, password, company_id) values (194, 'pstevens5d', 'TqKvHLt8Xjtq', 12);
insert into users (id, login, password, company_id) values (195, 'hpalmer5e', 't4DIdvtpAbY', 3);
insert into users (id, login, password, company_id) values (196, 'echapman5f', 'Dz4tOQ', 6);
insert into users (id, login, password, company_id) values (197, 'khart5g', 'PB6mvQEIT', 12);
insert into users (id, login, password, company_id) values (198, 'shenderson5h', 'WkCgxEbZz3', 19);
insert into users (id, login, password, company_id) values (199, 'mberry5i', 'MnJLwgx3RnTj', 20);
insert into users (id, login, password, company_id) values (200, 'rboyd5j', 'qdq32wLxYmtY', 10);


insert into projects (id, name) values (1, 'Rimmel London');
insert into projects (id, name) values (2, 'Relistor');
insert into projects (id, name) values (3, 'Donepezil Hydrochloride');
insert into projects (id, name) values (4, 'nifedipine');
insert into projects (id, name) values (5, 'Ethyl Rubbing Alcohol');
insert into projects (id, name) values (6, 'Methocarbamol');
insert into projects (id, name) values (7, 'Crest Complete Multi-benefit');
insert into projects (id, name) values (8, 'Bupropion Hydrochloride');
insert into projects (id, name) values (9, 'TEETHING');
insert into projects (id, name) values (10, 'Amlodipine Besylate');
insert into projects (id, name) values (11, 'Terbinafine Hydrochloride');
insert into projects (id, name) values (12, 'Metoprolol Tartrate');
insert into projects (id, name) values (13, 'BENZOCAINE and RESORCINOL');
insert into projects (id, name) values (14, 'Diazepam');
insert into projects (id, name) values (15, 'kids cough');
insert into projects (id, name) values (16, 'Warfarin Sodium');
insert into projects (id, name) values (17, 'Ibuprofen');
insert into projects (id, name) values (18, 'ARTHRITIS PAIN RELIEF');
insert into projects (id, name) values (19, 'Blemish');
insert into projects (id, name) values (20, 'Skin Infections');
insert into projects (id, name) values (21, 'Pain Reliever Plus');
insert into projects (id, name) values (22, 'VALACYCLOVIR HYDROCHLORIDE');
insert into projects (id, name) values (23, 'Tizanidine');
insert into projects (id, name) values (24, 'TOPIRAMATE');
insert into projects (id, name) values (25, 'Methotrexate Sodium');
insert into projects (id, name) values (26, 'Montelukast Sodium');
insert into projects (id, name) values (27, 'Synthroid');
insert into projects (id, name) values (28, 'DUKAL Alcohol Prep Pad');
insert into projects (id, name) values (29, 'MEDI-WIPES');
insert into projects (id, name) values (30, 'Penicillin V Potassium');
insert into projects (id, name) values (31, 'OXYCODONE HYDROCHLORIDE');
insert into projects (id, name) values (32, 'Tussin CF Max');
insert into projects (id, name) values (33, 'Lamotrigine');
insert into projects (id, name) values (34, 'Guaifenesin');
insert into projects (id, name) values (35, 'DOUBLE PERFECTION LUMIERE');
insert into projects (id, name) values (36, '9 Spleen Pancreas');
insert into projects (id, name) values (37, 'Nicorette');
insert into projects (id, name) values (38, 'SHISEIDO FUTURE SOLUTION LX TOTAL RADIANCE FOUNDATION');
insert into projects (id, name) values (39, 'Sheer Defense Tinted Moisturizer SPF 15 ML 30');
insert into projects (id, name) values (40, 'gentle laxative for women');
insert into projects (id, name) values (41, 'Mark 3');
insert into projects (id, name) values (42, 'Poverty Weed');
insert into projects (id, name) values (43, 'White Ash');
insert into projects (id, name) values (44, 'Nicotine Transdermal System');
insert into projects (id, name) values (45, 'Cyanocobalamin');
insert into projects (id, name) values (46, 'Depo-Provera');
insert into projects (id, name) values (47, 'LBEL FILLING EFFECT FOUNDATION SPF 10');
insert into projects (id, name) values (48, 'SHISEIDO SHEER MATIFYING COMPACT (REFILL)');
insert into projects (id, name) values (49, 'West Sycamore');
insert into projects (id, name) values (50, 'Methocarbamol');
insert into projects (id, name) values (51, 'Omeprazole');
insert into projects (id, name) values (52, 'Rough Marsh Elder');
insert into projects (id, name) values (53, 'cilostazol');
insert into projects (id, name) values (54, 'Aygestin');
insert into projects (id, name) values (55, 'Metformin Hydrochloride');
insert into projects (id, name) values (56, 'equate naproxen sodium');
insert into projects (id, name) values (57, 'Candida Alb');
insert into projects (id, name) values (58, 'CARE ONE');
insert into projects (id, name) values (59, 'Olanzapine');
insert into projects (id, name) values (60, 'CPD/ADSOL');
insert into projects (id, name) values (61, 'SELENIUM SULFIDE');
insert into projects (id, name) values (62, 'Citalopram');
insert into projects (id, name) values (63, 'VERELAN PM');
insert into projects (id, name) values (64, 'Naproxen');
insert into projects (id, name) values (65, 'Sulwhasoo evenfair smoothing makeup base NO. 1');
insert into projects (id, name) values (66, 'Al CaFoam');
insert into projects (id, name) values (67, 'Calciforce');
insert into projects (id, name) values (68, 'Hemorrhoidal');
insert into projects (id, name) values (69, 'Sulfacetamide Sodium');
insert into projects (id, name) values (70, 'Midol Complete');


insert into project_has_users (project_id, user_id, role) values (18, 113, 'User');
insert into project_has_users (project_id, user_id, role) values (7, 41, 'Leader');
insert into project_has_users (project_id, user_id, role) values (57, 169, 'User');
insert into project_has_users (project_id, user_id, role) values (20, 152, 'User');
insert into project_has_users (project_id, user_id, role) values (23, 198, 'Admin');
insert into project_has_users (project_id, user_id, role) values (33, 132, 'Leader');
insert into project_has_users (project_id, user_id, role) values (27, 49, 'Admin');
insert into project_has_users (project_id, user_id, role) values (69, 158, 'Admin');
insert into project_has_users (project_id, user_id, role) values (36, 26, 'User');
insert into project_has_users (project_id, user_id, role) values (70, 104, 'User');
insert into project_has_users (project_id, user_id, role) values (67, 158, 'Leader');
insert into project_has_users (project_id, user_id, role) values (21, 143, 'Admin');
insert into project_has_users (project_id, user_id, role) values (24, 106, 'Leader');
insert into project_has_users (project_id, user_id, role) values (30, 48, 'Admin');
insert into project_has_users (project_id, user_id, role) values (13, 92, 'User');
insert into project_has_users (project_id, user_id, role) values (62, 145, 'User');
insert into project_has_users (project_id, user_id, role) values (36, 13, 'Leader');
insert into project_has_users (project_id, user_id, role) values (60, 98, 'User');
insert into project_has_users (project_id, user_id, role) values (2, 169, 'User');
insert into project_has_users (project_id, user_id, role) values (34, 38, 'Admin');
insert into project_has_users (project_id, user_id, role) values (23, 75, 'User');
insert into project_has_users (project_id, user_id, role) values (44, 86, 'Admin');
insert into project_has_users (project_id, user_id, role) values (23, 74, 'User');
insert into project_has_users (project_id, user_id, role) values (41, 196, 'Leader');
insert into project_has_users (project_id, user_id, role) values (49, 115, 'Leader');
insert into project_has_users (project_id, user_id, role) values (44, 191, 'Admin');
insert into project_has_users (project_id, user_id, role) values (17, 48, 'Leader');
insert into project_has_users (project_id, user_id, role) values (54, 120, 'Leader');
insert into project_has_users (project_id, user_id, role) values (44, 199, 'User');
insert into project_has_users (project_id, user_id, role) values (41, 111, 'Leader');
insert into project_has_users (project_id, user_id, role) values (66, 173, 'Admin');
insert into project_has_users (project_id, user_id, role) values (66, 144, 'User');
insert into project_has_users (project_id, user_id, role) values (56, 98, 'Admin');
insert into project_has_users (project_id, user_id, role) values (58, 68, 'Leader');
insert into project_has_users (project_id, user_id, role) values (35, 152, 'Admin');
insert into project_has_users (project_id, user_id, role) values (34, 161, 'Admin');
insert into project_has_users (project_id, user_id, role) values (56, 10, 'User');
insert into project_has_users (project_id, user_id, role) values (69, 190, 'Leader');
insert into project_has_users (project_id, user_id, role) values (28, 137, 'Leader');
insert into project_has_users (project_id, user_id, role) values (14, 117, 'Leader');
insert into project_has_users (project_id, user_id, role) values (27, 150, 'User');
insert into project_has_users (project_id, user_id, role) values (23, 192, 'User');
insert into project_has_users (project_id, user_id, role) values (10, 146, 'Admin');
insert into project_has_users (project_id, user_id, role) values (5, 61, 'Admin');
insert into project_has_users (project_id, user_id, role) values (53, 72, 'Leader');
insert into project_has_users (project_id, user_id, role) values (12, 18, 'User');
insert into project_has_users (project_id, user_id, role) values (33, 22, 'User');
insert into project_has_users (project_id, user_id, role) values (65, 91, 'User');
insert into project_has_users (project_id, user_id, role) values (36, 186, 'Admin');
insert into project_has_users (project_id, user_id, role) values (48, 27, 'User');
insert into project_has_users (project_id, user_id, role) values (20, 43, 'User');
insert into project_has_users (project_id, user_id, role) values (64, 200, 'Leader');
insert into project_has_users (project_id, user_id, role) values (29, 144, 'Admin');
insert into project_has_users (project_id, user_id, role) values (47, 123, 'User');
insert into project_has_users (project_id, user_id, role) values (20, 36, 'Admin');
insert into project_has_users (project_id, user_id, role) values (23, 3, 'User');
insert into project_has_users (project_id, user_id, role) values (54, 13, 'Leader');
insert into project_has_users (project_id, user_id, role) values (70, 177, 'User');
insert into project_has_users (project_id, user_id, role) values (25, 8, 'User');
insert into project_has_users (project_id, user_id, role) values (57, 25, 'Leader');
insert into project_has_users (project_id, user_id, role) values (13, 136, 'User');
insert into project_has_users (project_id, user_id, role) values (56, 62, 'Leader');
insert into project_has_users (project_id, user_id, role) values (26, 85, 'Leader');
insert into project_has_users (project_id, user_id, role) values (25, 101, 'Admin');
insert into project_has_users (project_id, user_id, role) values (5, 73, 'Leader');
insert into project_has_users (project_id, user_id, role) values (70, 13, 'User');
insert into project_has_users (project_id, user_id, role) values (13, 94, 'Admin');
insert into project_has_users (project_id, user_id, role) values (30, 140, 'User');
insert into project_has_users (project_id, user_id, role) values (44, 184, 'User');
insert into project_has_users (project_id, user_id, role) values (66, 55, 'User');
insert into project_has_users (project_id, user_id, role) values (45, 197, 'User');
insert into project_has_users (project_id, user_id, role) values (58, 175, 'Admin');
insert into project_has_users (project_id, user_id, role) values (26, 81, 'User');
insert into project_has_users (project_id, user_id, role) values (18, 30, 'Admin');
insert into project_has_users (project_id, user_id, role) values (57, 125, 'Admin');
insert into project_has_users (project_id, user_id, role) values (47, 27, 'User');
insert into project_has_users (project_id, user_id, role) values (17, 74, 'User');
insert into project_has_users (project_id, user_id, role) values (40, 41, 'Leader');
insert into project_has_users (project_id, user_id, role) values (4, 98, 'User');
insert into project_has_users (project_id, user_id, role) values (35, 188, 'Leader');
insert into project_has_users (project_id, user_id, role) values (28, 2, 'Admin');
insert into project_has_users (project_id, user_id, role) values (45, 198, 'Admin');
insert into project_has_users (project_id, user_id, role) values (56, 40, 'Leader');
insert into project_has_users (project_id, user_id, role) values (33, 135, 'User');
insert into project_has_users (project_id, user_id, role) values (46, 72, 'User');
insert into project_has_users (project_id, user_id, role) values (1, 125, 'User');
insert into project_has_users (project_id, user_id, role) values (58, 127, 'Admin');
insert into project_has_users (project_id, user_id, role) values (44, 89, 'Leader');
insert into project_has_users (project_id, user_id, role) values (31, 145, 'User');
insert into project_has_users (project_id, user_id, role) values (13, 97, 'User');
insert into project_has_users (project_id, user_id, role) values (5, 81, 'Leader');
insert into project_has_users (project_id, user_id, role) values (18, 151, 'User');
insert into project_has_users (project_id, user_id, role) values (6, 90, 'User');
insert into project_has_users (project_id, user_id, role) values (40, 65, 'Admin');
insert into project_has_users (project_id, user_id, role) values (30, 55, 'User');
insert into project_has_users (project_id, user_id, role) values (22, 16, 'Admin');
insert into project_has_users (project_id, user_id, role) values (54, 85, 'Admin');
insert into project_has_users (project_id, user_id, role) values (52, 107, 'User');
insert into project_has_users (project_id, user_id, role) values (37, 19, 'Admin');
insert into project_has_users (project_id, user_id, role) values (20, 120, 'User');
insert into project_has_users (project_id, user_id, role) values (59, 164, 'Admin');
insert into project_has_users (project_id, user_id, role) values (41, 199, 'User');
insert into project_has_users (project_id, user_id, role) values (51, 71, 'Admin');
insert into project_has_users (project_id, user_id, role) values (39, 181, 'User');
insert into project_has_users (project_id, user_id, role) values (1, 146, 'User');
insert into project_has_users (project_id, user_id, role) values (55, 18, 'User');
insert into project_has_users (project_id, user_id, role) values (42, 119, 'User');
insert into project_has_users (project_id, user_id, role) values (11, 117, 'User');
insert into project_has_users (project_id, user_id, role) values (32, 127, 'Leader');
insert into project_has_users (project_id, user_id, role) values (5, 198, 'Leader');
insert into project_has_users (project_id, user_id, role) values (44, 196, 'Leader');
insert into project_has_users (project_id, user_id, role) values (9, 124, 'User');
insert into project_has_users (project_id, user_id, role) values (13, 175, 'Admin');
insert into project_has_users (project_id, user_id, role) values (41, 167, 'User');
insert into project_has_users (project_id, user_id, role) values (11, 13, 'User');
insert into project_has_users (project_id, user_id, role) values (47, 19, 'User');
insert into project_has_users (project_id, user_id, role) values (20, 151, 'Admin');
insert into project_has_users (project_id, user_id, role) values (66, 177, 'Leader');
insert into project_has_users (project_id, user_id, role) values (56, 150, 'User');
insert into project_has_users (project_id, user_id, role) values (39, 19, 'User');
insert into project_has_users (project_id, user_id, role) values (63, 178, 'Admin');
insert into project_has_users (project_id, user_id, role) values (63, 42, 'Admin');
insert into project_has_users (project_id, user_id, role) values (58, 135, 'User');
insert into project_has_users (project_id, user_id, role) values (6, 79, 'User');
insert into project_has_users (project_id, user_id, role) values (48, 115, 'Admin');
insert into project_has_users (project_id, user_id, role) values (57, 102, 'Admin');
insert into project_has_users (project_id, user_id, role) values (34, 150, 'User');
insert into project_has_users (project_id, user_id, role) values (17, 50, 'Leader');
insert into project_has_users (project_id, user_id, role) values (65, 177, 'Leader');
insert into project_has_users (project_id, user_id, role) values (66, 6, 'Admin');
insert into project_has_users (project_id, user_id, role) values (37, 63, 'Admin');
insert into project_has_users (project_id, user_id, role) values (2, 45, 'Leader');
insert into project_has_users (project_id, user_id, role) values (22, 7, 'Admin');
insert into project_has_users (project_id, user_id, role) values (11, 88, 'Leader');
insert into project_has_users (project_id, user_id, role) values (15, 59, 'Admin');
insert into project_has_users (project_id, user_id, role) values (38, 109, 'Admin');
insert into project_has_users (project_id, user_id, role) values (21, 196, 'User');
insert into project_has_users (project_id, user_id, role) values (24, 198, 'User');
insert into project_has_users (project_id, user_id, role) values (28, 118, 'Leader');
insert into project_has_users (project_id, user_id, role) values (12, 135, 'User');
insert into project_has_users (project_id, user_id, role) values (44, 179, 'Leader');
insert into project_has_users (project_id, user_id, role) values (25, 126, 'Leader');
insert into project_has_users (project_id, user_id, role) values (55, 92, 'User');
insert into project_has_users (project_id, user_id, role) values (65, 107, 'Leader');
insert into project_has_users (project_id, user_id, role) values (25, 187, 'Leader');
insert into project_has_users (project_id, user_id, role) values (53, 75, 'Leader');
insert into project_has_users (project_id, user_id, role) values (29, 158, 'User');
insert into project_has_users (project_id, user_id, role) values (2, 13, 'Admin');
insert into project_has_users (project_id, user_id, role) values (41, 183, 'Admin');
insert into project_has_users (project_id, user_id, role) values (30, 4, 'Leader');
insert into project_has_users (project_id, user_id, role) values (2, 90, 'Leader');
insert into project_has_users (project_id, user_id, role) values (13, 185, 'Leader');
insert into project_has_users (project_id, user_id, role) values (37, 8, 'User');
insert into project_has_users (project_id, user_id, role) values (70, 58, 'Admin');
insert into project_has_users (project_id, user_id, role) values (43, 68, 'Leader');
insert into project_has_users (project_id, user_id, role) values (26, 110, 'User');
insert into project_has_users (project_id, user_id, role) values (27, 91, 'Admin');
insert into project_has_users (project_id, user_id, role) values (23, 164, 'Admin');
insert into project_has_users (project_id, user_id, role) values (18, 111, 'User');
insert into project_has_users (project_id, user_id, role) values (51, 92, 'Admin');
insert into project_has_users (project_id, user_id, role) values (14, 54, 'User');
insert into project_has_users (project_id, user_id, role) values (33, 10, 'User');
insert into project_has_users (project_id, user_id, role) values (3, 67, 'User');
insert into project_has_users (project_id, user_id, role) values (46, 27, 'User');
insert into project_has_users (project_id, user_id, role) values (67, 111, 'User');
insert into project_has_users (project_id, user_id, role) values (22, 200, 'User');
insert into project_has_users (project_id, user_id, role) values (23, 177, 'Admin');
insert into project_has_users (project_id, user_id, role) values (4, 63, 'User');
insert into project_has_users (project_id, user_id, role) values (68, 33, 'User');
insert into project_has_users (project_id, user_id, role) values (6, 116, 'User');
insert into project_has_users (project_id, user_id, role) values (8, 132, 'Leader');
insert into project_has_users (project_id, user_id, role) values (52, 81, 'User');
insert into project_has_users (project_id, user_id, role) values (48, 76, 'User');
insert into project_has_users (project_id, user_id, role) values (24, 135, 'Admin');
insert into project_has_users (project_id, user_id, role) values (21, 102, 'Leader');
insert into project_has_users (project_id, user_id, role) values (62, 46, 'User');
insert into project_has_users (project_id, user_id, role) values (31, 165, 'User');
insert into project_has_users (project_id, user_id, role) values (20, 159, 'User');
insert into project_has_users (project_id, user_id, role) values (36, 70, 'Admin');
insert into project_has_users (project_id, user_id, role) values (47, 133, 'Admin');
insert into project_has_users (project_id, user_id, role) values (3, 197, 'Admin');
insert into project_has_users (project_id, user_id, role) values (7, 94, 'Admin');
insert into project_has_users (project_id, user_id, role) values (18, 136, 'Admin');
insert into project_has_users (project_id, user_id, role) values (15, 134, 'Leader');
insert into project_has_users (project_id, user_id, role) values (20, 193, 'User');
insert into project_has_users (project_id, user_id, role) values (19, 80, 'User');
insert into project_has_users (project_id, user_id, role) values (62, 1, 'Admin');
insert into project_has_users (project_id, user_id, role) values (4, 60, 'Leader');
insert into project_has_users (project_id, user_id, role) values (53, 8, 'Leader');
insert into project_has_users (project_id, user_id, role) values (40, 67, 'User');
insert into project_has_users (project_id, user_id, role) values (60, 88, 'Leader');
insert into project_has_users (project_id, user_id, role) values (34, 164, 'Admin');
insert into project_has_users (project_id, user_id, role) values (11, 192, 'User');
insert into project_has_users (project_id, user_id, role) values (28, 42, 'User');
insert into project_has_users (project_id, user_id, role) values (29, 200, 'Admin');
insert into project_has_users (project_id, user_id, role) values (43, 40, 'User');
insert into project_has_users (project_id, user_id, role) values (55, 151, 'User');
insert into project_has_users (project_id, user_id, role) values (34, 144, 'Leader');
insert into project_has_users (project_id, user_id, role) values (55, 179, 'User');
insert into project_has_users (project_id, user_id, role) values (70, 86, 'User');
insert into project_has_users (project_id, user_id, role) values (1, 140, 'User');
insert into project_has_users (project_id, user_id, role) values (7, 25, 'Admin');
insert into project_has_users (project_id, user_id, role) values (5, 199, 'User');
insert into project_has_users (project_id, user_id, role) values (39, 62, 'User');
insert into project_has_users (project_id, user_id, role) values (31, 43, 'User');
insert into project_has_users (project_id, user_id, role) values (35, 5, 'Leader');
insert into project_has_users (project_id, user_id, role) values (14, 11, 'Leader');
insert into project_has_users (project_id, user_id, role) values (7, 145, 'Admin');
insert into project_has_users (project_id, user_id, role) values (8, 125, 'Leader');
insert into project_has_users (project_id, user_id, role) values (47, 8, 'Leader');
insert into project_has_users (project_id, user_id, role) values (23, 173, 'Leader');
insert into project_has_users (project_id, user_id, role) values (16, 138, 'User');
insert into project_has_users (project_id, user_id, role) values (4, 159, 'Leader');
insert into project_has_users (project_id, user_id, role) values (25, 105, 'Leader');
insert into project_has_users (project_id, user_id, role) values (38, 17, 'Leader');
insert into project_has_users (project_id, user_id, role) values (20, 74, 'User');
insert into project_has_users (project_id, user_id, role) values (23, 2, 'User');
insert into project_has_users (project_id, user_id, role) values (62, 28, 'Leader');
insert into project_has_users (project_id, user_id, role) values (26, 180, 'User');
insert into project_has_users (project_id, user_id, role) values (38, 66, 'Leader');
insert into project_has_users (project_id, user_id, role) values (47, 130, 'Admin');
insert into project_has_users (project_id, user_id, role) values (37, 108, 'Admin');
insert into project_has_users (project_id, user_id, role) values (20, 70, 'Leader');
insert into project_has_users (project_id, user_id, role) values (24, 18, 'Admin');
insert into project_has_users (project_id, user_id, role) values (46, 10, 'User');
insert into project_has_users (project_id, user_id, role) values (24, 13, 'User');
insert into project_has_users (project_id, user_id, role) values (42, 159, 'Leader');
insert into project_has_users (project_id, user_id, role) values (15, 82, 'Admin');
insert into project_has_users (project_id, user_id, role) values (45, 81, 'User');
insert into project_has_users (project_id, user_id, role) values (26, 78, 'User');
insert into project_has_users (project_id, user_id, role) values (22, 193, 'Leader');
insert into project_has_users (project_id, user_id, role) values (19, 130, 'User');
insert into project_has_users (project_id, user_id, role) values (58, 84, 'Leader');
insert into project_has_users (project_id, user_id, role) values (21, 76, 'Leader');
insert into project_has_users (project_id, user_id, role) values (18, 119, 'Admin');
insert into project_has_users (project_id, user_id, role) values (57, 58, 'Admin');
insert into project_has_users (project_id, user_id, role) values (49, 95, 'User');
insert into project_has_users (project_id, user_id, role) values (23, 179, 'User');
insert into project_has_users (project_id, user_id, role) values (56, 159, 'Leader');
insert into project_has_users (project_id, user_id, role) values (42, 64, 'User');
insert into project_has_users (project_id, user_id, role) values (6, 139, 'Admin');
insert into project_has_users (project_id, user_id, role) values (56, 16, 'User');
insert into project_has_users (project_id, user_id, role) values (42, 189, 'User');
insert into project_has_users (project_id, user_id, role) values (61, 25, 'User');
insert into project_has_users (project_id, user_id, role) values (27, 43, 'Leader');
insert into project_has_users (project_id, user_id, role) values (24, 57, 'Admin');
insert into project_has_users (project_id, user_id, role) values (3, 44, 'User');
insert into project_has_users (project_id, user_id, role) values (6, 76, 'Admin');
insert into project_has_users (project_id, user_id, role) values (27, 7, 'User');
insert into project_has_users (project_id, user_id, role) values (18, 103, 'Admin');
insert into project_has_users (project_id, user_id, role) values (27, 194, 'Admin');
insert into project_has_users (project_id, user_id, role) values (59, 1, 'User');
insert into project_has_users (project_id, user_id, role) values (16, 119, 'User');
insert into project_has_users (project_id, user_id, role) values (55, 46, 'User');
insert into project_has_users (project_id, user_id, role) values (42, 93, 'Leader');
insert into project_has_users (project_id, user_id, role) values (35, 173, 'User');
insert into project_has_users (project_id, user_id, role) values (52, 59, 'User');
insert into project_has_users (project_id, user_id, role) values (34, 126, 'User');
insert into project_has_users (project_id, user_id, role) values (8, 192, 'User');
insert into project_has_users (project_id, user_id, role) values (11, 200, 'User');
insert into project_has_users (project_id, user_id, role) values (46, 162, 'Admin');
insert into project_has_users (project_id, user_id, role) values (10, 184, 'Leader');
insert into project_has_users (project_id, user_id, role) values (10, 38, 'User');
insert into project_has_users (project_id, user_id, role) values (16, 26, 'User');
insert into project_has_users (project_id, user_id, role) values (18, 25, 'User');
insert into project_has_users (project_id, user_id, role) values (26, 145, 'Leader');
insert into project_has_users (project_id, user_id, role) values (12, 37, 'User');
insert into project_has_users (project_id, user_id, role) values (49, 71, 'Admin');
insert into project_has_users (project_id, user_id, role) values (2, 113, 'User');
insert into project_has_users (project_id, user_id, role) values (11, 28, 'User');
insert into project_has_users (project_id, user_id, role) values (14, 8, 'Leader');
insert into project_has_users (project_id, user_id, role) values (30, 3, 'Leader');
insert into project_has_users (project_id, user_id, role) values (16, 139, 'Admin');
insert into project_has_users (project_id, user_id, role) values (60, 48, 'Admin');
insert into project_has_users (project_id, user_id, role) values (68, 32, 'User');
insert into project_has_users (project_id, user_id, role) values (31, 97, 'User');
insert into project_has_users (project_id, user_id, role) values (37, 15, 'User');
insert into project_has_users (project_id, user_id, role) values (6, 71, 'Admin');
insert into project_has_users (project_id, user_id, role) values (60, 139, 'User');
insert into project_has_users (project_id, user_id, role) values (53, 108, 'Leader');
insert into project_has_users (project_id, user_id, role) values (61, 193, 'Admin');
insert into project_has_users (project_id, user_id, role) values (64, 197, 'User');
insert into project_has_users (project_id, user_id, role) values (44, 134, 'User');
insert into project_has_users (project_id, user_id, role) values (23, 95, 'User');
insert into project_has_users (project_id, user_id, role) values (18, 194, 'Leader');
insert into project_has_users (project_id, user_id, role) values (51, 170, 'Admin');
insert into project_has_users (project_id, user_id, role) values (49, 136, 'User');
insert into project_has_users (project_id, user_id, role) values (51, 93, 'User');
insert into project_has_users (project_id, user_id, role) values (49, 175, 'User');
insert into project_has_users (project_id, user_id, role) values (63, 93, 'User');
insert into project_has_users (project_id, user_id, role) values (36, 148, 'Leader');
insert into project_has_users (project_id, user_id, role) values (63, 153, 'User');
insert into project_has_users (project_id, user_id, role) values (66, 196, 'Admin');
insert into project_has_users (project_id, user_id, role) values (20, 55, 'Leader');
insert into project_has_users (project_id, user_id, role) values (2, 146, 'Leader');
insert into project_has_users (project_id, user_id, role) values (32, 117, 'User');
insert into project_has_users (project_id, user_id, role) values (64, 60, 'Admin');
insert into project_has_users (project_id, user_id, role) values (21, 22, 'User');
insert into project_has_users (project_id, user_id, role) values (53, 68, 'Leader');
insert into project_has_users (project_id, user_id, role) values (13, 119, 'Admin');

